Ticker,Close_2020,Volatility_2020_%,Avg_Volume_2020,Return_2020_%,Momentum_6M_%,RSI_2020,Distance_from_MA_%,ROE_%,Operating_Margin_%,Debt_to_Equity,Revenue_Growth_%,Market_Cap_2020,Sector,Basic_Qualified,Composite_Score
AAPL,130.17002868652344,46.78086259825534,157796583.33333334,79.6234819147869,47.419411224274405,72.2262456589193,10.80796129077424,171.42199,31.647,1.52411,7.9,3807570558976,Technology,True,66.22740702358128
ABBV,86.62450408935547,34.96224246018754,9462549.603174603,24.062170252934337,9.229256772734242,36.42171506603414,7.07158756718766,137.961,35.497,,9.1,383328026624,Healthcare,True,51.58264089953871
ABT,99.07515716552734,39.3694541137703,6718530.158730159,26.681527821107366,18.425467663256374,64.44141317381619,-0.31403631855545266,30.620000000000005,19.395,0.2531,6.9,214824861696,Healthcare,True,68.81885605260743
ADBE,497.45001220703125,48.086944874088225,3079301.984126984,48.74563379525965,12.303871429746602,59.55936487941476,3.816578897075895,55.425999999999995,36.503,0.57197,10.5,128971644928,Technology,True,65.46241534167982
ADI,133.95538330078125,50.21487537761672,2940360.3174603176,23.88458154927061,21.730872148057152,63.51357985799296,8.235564173325743,6.5729999999999995,30.501,0.265,25.900000000000002,148169342976,Technology,True,66.74391894985088
ADP,156.67538452148438,44.66135152638049,2250287.698412698,4.53124083762811,16.8533615144321,52.571504849532445,3.2959212750660436,70.572996,25.891,1.54917,7.1,105440747520,Technology,True,60.46006897210415
AEP,67.87313842773438,38.57335167474807,3145892.8571428573,-9.932616521420174,0.4099006868096675,40.45655895588203,-5.379265789216832,12.923001000000001,25.885,1.52132,10.9,63929446400,Utilities,True,41.42156467666341
AFL,39.177978515625,58.239691856816265,4046538.492063492,-15.214870538104663,26.57545915972882,39.85380313952705,5.549202776331337,15.58,43.269999999999996,0.50003,60.699999999999996,58697756672,Financial Services,True,65.60770970952743
AIG,33.476837158203125,71.28934585373213,6996319.047619048,-24.4072963147171,27.83379040011898,29.177504092409976,2.9788567378701756,7.688000000000001,15.235000000000001,0.2248,-4.1000000000000005,40935342080,Financial Services,True,66.2429591649433
ALL,95.6335678100586,43.048749053459346,2054909.5238095238,-2.056397288902023,16.21809709285157,68.974229073428,8.957035287053106,34.469001999999996,24.439,0.2943,3.8,51512659968,Financial Services,True,68.81893860997087
AMAT,83.29596710205078,59.090758887384865,8300647.222222222,41.725679716423215,43.48839927996686,46.18866986063789,13.503168515056904,35.508,28.441,0.34533,-3.5000000000000004,254949474304,Technology,True,75.57714184495912
AMD,92.29000091552734,60.97001057214734,61718450.0,87.9633478281475,76.32785755917536,57.68750080466309,6.435245159652453,5.317,13.736,0.06366,35.6,371600490496,Technology,True,72.63280253731537
AMZN,164.29249572753906,38.57137510697255,98776468.25396825,73.12079511219653,13.685428101871674,72.38992925259322,3.5789030258344963,24.326999999999998,11.057,0.43405,13.4,2541598801920,Consumer Cyclical,True,62.731301266422086
ANET,18.059999465942383,49.04377027106468,12336666.666666666,41.14888126810733,37.26663768721664,65.51157918577657,10.34735328498602,31.735999999999997,42.378,,27.500000000000004,164547624960,Technology,True,71.27050486505553
APH,30.99684715270996,40.994521117907965,6366855.555555556,20.11069567978355,36.059993312234106,37.156599596056694,3.6980810357686558,34.807998,27.481002,0.6399,53.400000000000006,188981936128,Technology,True,65.26268239319155
APTV,130.7899932861328,72.07763036859701,2014355.1587301588,36.14644905034889,70.27730431362265,72.20126667373627,14.325117849615898,3.2939999999999996,11.4350006,0.85425,7.3999999999999995,17955385344,Consumer Cyclical,True,72.29863128846328
AVGO,39.117637634277344,51.37344000663715,24484650.793650795,41.03790167339962,40.277438541223006,64.73714861218511,11.354548408863247,31.048,31.765,1.66032,16.400000000000002,1621847441408,Technology,True,67.32962560159291
AXP,112.02649688720703,64.38028778323628,5257925.0,-3.740794972441623,27.137543539314656,43.041808946367276,6.356460739932077,33.935001,22.052999,1.85273,12.2,248885755904,Financial Services,True,61.30628648370258
BAC,26.569337844848633,58.81221966237601,68202924.6031746,-13.625068028858065,30.429337700083547,62.24053809921204,10.146382739317993,9.871,35.292998,,12.6,383819907072,Financial Services,True,67.61493271897024
BAX,71.17356872558594,37.056479932923644,3132088.888888889,-6.719383476897682,-8.632876295076395,49.391667183078226,0.5174394098547591,-4.658,10.123,1.34627,5.0,10463605760,Healthcare,True,24.893555183901675
BK,36.08877182006836,48.861679731379965,5763422.619047619,-15.437326653739747,11.76752669177889,57.120235622410064,7.491073488853179,12.898000000000001,36.638,,7.8,86457344000,Financial Services,True,60.933813812242754
BKR,18.665393829345703,70.56693799711988,7070692.857142857,-13.617186663490072,40.741760256803,31.188093581394455,13.795782866856744,16.89,13.524,0.33042,1.5,51292508160,Energy,True,77.23276922202997
BMY,50.373207092285156,29.734362861295555,13192633.333333334,0.06616246989781911,5.4880653802241826,55.74706727283996,0.27237384435949613,33.777002,31.566,2.74414,2.8000000000000003,115203268608,Healthcare,True,52.33147323880061
BSX,35.54999923706055,44.49736749412898,10991698.80952381,-21.575120668303292,0.48049226628915037,64.31450031302057,1.2982103556269307,12.488000000000001,20.730999999999998,0.50973,20.3,133390131200,Healthcare,True,56.87156510510662
C,50.9075813293457,67.56959470485585,25050648.015873015,-22.053565931942057,23.122168134232524,57.757897638192,16.401443411298107,6.8309999999999995,21.562,,3.6999999999999997,215532339200,Financial Services,True,66.96556998285841
CAH,46.97506332397461,46.03677333033438,2528888.095238095,10.017291170299712,4.344050979679389,31.880193325912288,1.033952921575036,,1.205,,22.400000000000002,50780594176,Healthcare,True,41.78644599115201
CAT,163.71131896972656,44.99879498868503,3886261.111111111,23.207084078473684,42.887774075321765,49.93904110429699,4.596231979671621,46.283,17.746000000000002,2.01046,9.5,302880980992,Industrials,True,62.95482042741312
CB,141.57261657714844,48.41906146951725,2273955.1587301586,-0.1317604601078281,22.412685285994975,48.89660412518649,4.915655618846248,13.639999999999999,25.623,0.30957999999999997,9.1,119890157568,Financial Services,True,61.58564886708213
CCI,124.05680847167969,42.80580033426133,2174230.9523809524,13.836764494723761,-6.910206711837269,47.706667658818475,-2.2818542031346944,-206.679,49.254,,-4.3,39456575488,Real Estate,True,27.77339208022272
CCL,21.790000915527344,121.28319599271215,45605743.65079365,-57.03699480588599,37.216629461557766,43.818684521683906,18.017272028806055,25.632998,11.5959994,2.27882,6.6000000000000005,38779027456,Consumer Cyclical,True,78.99461882287403
CFG,28.616649627685547,76.45294844347703,5500743.650793651,-7.988385587884863,53.475077710014986,46.93572369738985,9.635289681156406,6.7140006,32.026002,,13.600000000000001,26174257152,Financial Services,True,71.84870762643449
CI,186.67457580566406,53.58271980125623,2116938.888888889,-0.4138952429723647,7.118478299890289,32.58942065943056,1.1863747103176372,15.537999999999998,4.0,0.81021,9.5,74098032640,Healthcare,True,52.20724407225761
CMCSA,41.25598907470703,38.28150179985367,22709164.682539683,15.40241473060577,31.12965394655638,49.51641886186248,5.590681969037053,24.186,17.735,1.01462,-2.7,111850250240,Communication Services,True,59.63942201058743
CMG,27.483400344848633,49.84638654098832,24013293.65079365,60.12422358867997,30.074308873851844,64.81127381958134,4.476755233483348,44.958,16.134001,1.5457400000000001,7.5,54225387520,Consumer Cyclical,True,66.96313276983719
CMS,51.39421463012695,38.81580384136053,2031563.492063492,-0.31699832096842084,0.6437074922039081,50.834633406389344,-3.547978464836278,11.233,26.174998,1.9167599999999998,16.0,21635614720,Utilities,True,49.57327591880809
CNC,58.91999816894531,53.69260876714883,4433442.857142857,-4.783456444856327,-11.425133580359653,31.86548444663532,-7.227795509945205,-21.86,0.54699997,0.8351000000000001,21.5,23204564992,Healthcare,True,27.38622610411572
CNP,18.82343101501465,58.76766775550616,7018612.301587301,-17.85086028568282,11.55861493627902,39.313990212949946,-4.805492238947429,9.606,24.95,2.0211099999999997,7.1,25641402368,Utilities,True,47.72768623583309
COF,89.47676849365234,72.5720459981967,3831630.9523809524,-4.263979330375951,60.521620373500674,57.28343634984349,13.066285601723077,1.6150000000000002,38.719,,67.9,151530438656,Financial Services,True,70.9172910395672
COP,33.41790008544922,72.78683457416278,9560083.333333334,-36.42408088610164,-2.069996745840047,36.85240181223023,6.7542410572045215,15.421000000000001,19.543,0.36168999999999996,14.000000000000002,124219801600,Energy,True,51.46884029779907
COST,354.29534912109375,29.237804727194174,2759551.587301587,32.945124629720304,26.193778546878292,50.255875125926856,1.449758561974524,30.325000000000003,3.659,0.26968,8.3,424450195456,Consumer Defensive,True,64.99458455327792
CRM,219.73020935058594,53.06031022057456,7529498.015873016,33.181610551433934,15.514457156439034,53.41032197307662,-7.217824687850307,12.184000000000001,23.862,0.19385000000000002,8.6,222272962560,Technology,True,67.94025731551352
CSCO,38.17611312866211,42.015243403483694,25068138.492063493,-5.673569955307378,-1.6211469473094802,47.15446860688931,7.296553865680375,22.418,23.604,0.6322800000000001,7.5,297714974720,Technology,True,41.08365841683609
CSX,28.15171241760254,46.09243326121142,13323698.80952381,25.06322174361947,32.00049510453762,44.24344058832885,2.7492636415490974,22.589001,35.071000000000005,1.55283,-0.8999999999999999,67533430784,Industrials,True,58.86238202450579
CTVA,36.370513916015625,50.83600634929859,4645021.031746032,36.30175712576535,40.61698809713346,45.04348350445564,5.06576129494384,6.705,-10.313,0.17175,12.6,47856181248,Basic Materials,True,57.44743676268505
CVS,57.6177978515625,39.6413712734289,8726850.396825397,-5.739930586282185,6.427305473641236,15.839165158672131,1.8267252684229236,0.57800002,2.2650002,1.11821,7.8,103179468800,Healthcare,True,39.58485129507943
CVX,68.99398803710938,61.25701268303211,11212182.936507937,-25.747360154837857,-0.5391653199082027,33.00068241987216,3.3665718314678523,7.316000000000001,9.8529994,0.21239,-1.4000000000000001,335729852416,Energy,True,38.20168304392771
D,59.445987701416016,45.03641851931461,4133473.8095238097,-5.802510956374101,-8.649359096785524,48.32858313465456,-5.939491825206524,9.203999999999999,34.504002,1.54315,14.899999999999999,51529396224,Utilities,True,29.808740444635507
DD,26.719680786132812,51.22821416127368,13780945.805555556,13.22829121464447,32.185826246809015,60.963861637760246,10.70279088666457,3.2169999999999996,17.773001,0.39673,7.3,18219143168,Basic Materials,True,70.29477139870568
DECK,47.66666793823242,58.3421370030722,2618459.523809524,66.11489264741189,47.27084946034805,39.13967974201342,5.784178160936464,43.312,22.82,0.1422,9.1,15359471616,Consumer Cyclical,True,76.91045266487654
DHI,66.7187271118164,59.49993437554985,4070794.0476190476,34.99629935426067,30.38658208867211,51.106341990976226,-2.2763061240996745,14.321,12.4680005,0.24514,-3.2,47135649792,Consumer Cyclical,True,75.27998425013196
DHR,191.39076232910156,33.6376155472542,3172699.634920635,42.86401750772552,23.027371489552028,45.37529266394528,-2.840213023153547,6.843000000000001,20.75,0.35544,4.3999999999999995,171974115328,Healthcare,True,55.28397632716182
DIS,177.00172424316406,49.15192926402388,14657105.952380951,22.24696321289041,61.49938731090712,76.45426084312348,22.661802885848505,12.203,11.867999999999999,0.39632,-0.5,204353159168,Communication Services,True,72.79646302336573
DLR,116.36261749267578,43.517996827252205,2296255.5555555555,21.130831690525305,-5.355968152642927,79.02940956453202,-0.5282123573996309,5.825,13.333,0.7924800000000001,11.1,56190525440,Real Estate,True,39.44431923854053
DOW,42.25741958618164,62.135595238585594,5471063.492063492,9.789087563146524,37.12816191615231,55.33596394639461,6.57935870095346,-5.287,1.905,1.02943,-8.3,19937024000,Basic Materials,True,56.41254285726055
DUK,74.44337463378906,41.489986779610575,3714948.8095238097,4.625139541225017,13.057143585453518,45.8623503959522,-1.901751835306224,9.905,27.125,1.7034399999999998,4.8,92323946496,Utilities,True,44.18045426128795
DVN,12.455527305603027,96.84462561788055,9977562.301587302,-33.52618893378193,49.53041930356197,54.34084252901355,24.268871903291593,18.586999000000002,24.194999,0.56274,7.1,23167025152,Energy,True,84.24271014829134
DXCM,90.69249725341797,55.42273744599417,4955322.222222222,65.36146455437215,-10.943909763564626,72.49616660645711,4.403615587112212,30.635,20.053,0.94479,21.6,27195967488,Healthcare,True,48.301456987038605
EA,138.29837036132812,36.48929081348977,2959463.095238095,32.512823601860426,6.275610266877947,71.18306697583229,10.677837900942132,13.200999999999999,10.875,0.3665,-9.2,51089178624,Communication Services,True,56.26767390198872
ECL,203.79090881347656,48.71428314205254,2014084.9206349207,14.216144555892843,7.619306855339116,33.27881840753176,2.2284715771047394,21.869,14.715,1.03915,17.8,78666194944,Basic Materials,True,52.73915069622826
ED,59.36250305175781,41.18910011915444,2317893.6507936507,-16.951159362482187,-1.8728531665385653,30.22105528148147,-7.231753411525175,8.839,25.342,1.10373,10.7,36963418112,Utilities,True,31.885384028597066
EIX,48.71297836303711,45.33069917297142,2402655.9523809524,-13.216862377823102,13.55716067414981,45.29521299196575,1.2655745835401582,15.765001000000002,32.557,2.0402,10.6,23713472512,Utilities,True,51.302232071173066
EMR,71.94349670410156,53.963472407963096,3494837.698412698,6.16692355238611,31.26596405009717,41.5239022707137,5.602143391876488,9.363000000000001,20.721,0.67785,5.1,83361284096,Industrials,True,60.457618997950014
EOG,39.72370910644531,74.92734530392596,5505530.158730159,-38.067476642673164,1.8919218808494498,41.573060908298636,12.25279887765354,18.476999,33.223,0.26835000000000003,-2.4,59147960320,Energy,True,62.73933162528201
EQR,48.26151657104492,50.95349105971738,2712636.111111111,-23.713259757224044,-1.5316551084201455,40.869554325409425,3.280232327813072,10.444,28.955,0.76237,4.6,24082051072,Real Estate,True,40.22883785433217
ETN,109.93547058105469,51.84255263169864,2341219.8412698414,27.423024688093754,37.11394346717112,54.55725292156985,4.300056834868251,20.653,19.791001,0.59661,10.100000000000001,129671938048,Industrials,True,73.44221263160767
ETR,41.01416778564453,46.95858043443797,2755807.9365079366,-13.414811022641077,3.6761001898481758,30.41714128720176,-6.118502675996288,11.187999999999999,30.055,1.79362,12.5,42699128832,Utilities,True,44.74049938020438
EW,89.63999938964844,44.36265887997046,3446259.523809524,15.664515341481856,29.556288808575093,65.05550865743697,8.127146693256513,13.492,27.371000000000002,0.06862,14.7,49404469248,Healthcare,True,71.46955365462296
EXC,25.054121017456055,49.105147223827146,8617023.575396825,-4.189126105952632,14.013568018853817,58.71376508056766,0.32730658386271577,10.308,22.177,1.77601,9.0,44489936896,Utilities,True,57.39066254126005
FANG,39.88816833496094,103.54750305134036,3565738.888888889,-44.90521897612151,20.96015332691078,55.11063964268806,28.149442455574764,10.901,36.628,0.3566,42.0,43634241536,Energy,True,82.235462063086
FAST,21.74428367614746,39.07044886631343,8484137.301587302,36.24131213085743,13.578409210236083,45.409796273193756,3.933970945410131,32.742,20.696,0.13283,11.700000000000001,49899372544,Industrials,True,58.80827141200966
FCX,24.829927444458008,71.95272107375934,23312412.698412698,101.73038611637296,130.695624937145,67.1074229835769,21.945630235503234,14.538999,28.055000000000003,0.30589,2.7,86392766464,Basic Materials,True,78.26865305770224
FDX,236.1565704345703,52.59600233684496,3075817.4603174604,70.13628705499434,68.06500787508286,15.866199365049127,-6.714137116034627,15.886,7.64,,13.900000000000002,73972031488,Industrials,True,67.62304056084278
FE,24.489830017089844,53.076389256482024,6209334.523809524,-33.79948981201745,-22.50375237171379,44.373743755809784,1.611379344011898,11.192001,20.636,1.93669,11.200000000000001,26901882880,Utilities,True,34.73833342155569
FITB,22.662879943847656,73.77316131767918,6857104.365079365,-7.264731360324765,50.27517008893418,48.138621468332396,6.768341140907422,11.5109995,39.780998000000004,,6.7,32421183488,Financial Services,True,74.205558716243
FOXA,27.25894546508789,49.15376897097655,4782390.476190476,-20.302754484286055,10.437312512460533,48.3800911342989,4.254390991564513,17.272000000000002,26.323998,0.60136,4.9,32283514880,Communication Services,True,56.97182955801859
FTNT,29.604000091552734,55.01543339353866,8036599.206349206,34.956231671898486,6.919966719218411,85.52631657571106,17.192138982633658,228.043,31.648,1.48116,14.399999999999999,58515906560,Technology,True,57.97169070213664
GE,52.18102264404297,63.09421577325687,19695763.726190478,-9.770749847231649,57.44238089707893,33.501139502415995,12.181932753719572,42.131,20.598,1.15246,23.799999999999997,339181535232,Industrials,True,73.14261178558165
GILD,46.75475311279297,37.529732640267774,13716300.793650793,-9.626390188475012,-24.176210929397232,16.0729581523356,-4.233963130854266,40.706003,45.231,1.1624299999999999,3.0,150646374400,Healthcare,True,37.007135833664265
GIS,48.58345031738281,30.868180676469354,3976517.8571428573,16.23608523951596,-3.20060208428055,41.96243614086352,-2.570505797575334,27.173000000000002,17.874001,1.4723,-7.199999999999999,24339347456,Consumer Defensive,True,35.408363362352645
GM,40.36856460571289,61.233387722725666,15400251.984126983,13.296937997563486,65.76856888016684,33.992424797790974,2.9020906960679556,4.442,5.6739997,1.9543700000000002,-0.3,76832677888,Consumer Cyclical,True,59.19601305345416
GOOG,86.32852172851562,38.40931783182381,37903428.571428575,27.21650856868144,18.762878374406984,38.55040143433665,0.538249631147018,35.449999999999996,30.512,0.11424,15.9,4019196264448,Communication Services,True,60.723387629400506
GOOGL,86.16149139404297,38.551504127210464,40028047.61904762,26.855798197296338,18.117865813040414,39.47696449358589,0.6539625790035628,35.449999999999996,30.512,0.11424,15.9,4027946631168,Communication Services,True,60.499507315746676
HAL,17.47292709350586,93.35823942667358,19246465.476190478,-20.988951031990826,52.93536581691038,46.38220526000099,17.400282578426364,12.788,12.857,0.83613,-1.7000000000000002,28012242944,Energy,True,80.40597746240165
HCA,155.47543334960938,60.98718298527652,2228431.3492063493,10.689878733917263,66.07665654702276,56.40658395811927,8.643071638034053,,15.473999999999998,,9.6,112702971904,Healthcare,True,68.13692391646637
HIG,43.22514724731445,65.21133687887294,2782725.0,-18.98478714333975,29.76902212502485,52.850574547796626,8.505053612860786,20.069,18.916,0.23696,7.000000000000001,36435533824,Financial Services,True,79.55832970093945
HLT,108.81573486328125,51.553081604714244,3629324.206349206,-0.987817347473525,47.852925135978765,60.39430062907942,8.752311337058513,,60.327,,3.5000000000000004,70932086784,Consumer Cyclical,True,65.87273958513143
HON,179.5445556640625,45.40423229721004,3695743.476190476,19.404248841893764,46.97102749101168,47.34677833882623,6.700444898820813,34.616002,18.505,2.15247,7.000000000000001,145036967936,Industrials,True,64.68542674773508
HRL,39.56544494628906,30.24274314890131,2224358.73015873,6.900526595049521,-2.479651065213342,42.588296522922754,-4.519877518775351,6.002,7.222,0.3822,1.5,13579397120,Consumer Defensive,True,30.758258355736317
INTC,44.071231842041016,53.51639502193613,31591649.603174604,-17.879384791754426,-16.390877877729586,43.95610467857138,2.302012924822519,0.18600001,6.283999999999999,0.39881,2.8000000000000003,230748749824,Technology,True,36.34393480526467
INVH,25.321443557739258,49.19309545229498,3940357.1428571427,2.3148553474552704,5.677335418478771,53.72805391546635,2.9827832915460024,6.0,27.131,0.8569100000000001,6.5,16573011968,Real Estate,True,57.077277075942305
IR,45.01025390625,51.38906176848666,3374148.015873016,22.668132688871303,58.959983515495686,51.753198670037285,6.5032106212490515,5.382,20.476,0.47619999999999996,5.1,34791006208,Industrials,True,70.3333748244368
ISRG,271.76666259765625,45.72417362631993,2171648.8095238097,36.50670971808515,40.45272770702809,85.58100326281044,9.08797892672962,16.902,30.325999999999997,,22.900000000000002,194140127232,Healthcare,True,70.47380167031679
JNJ,135.38723754882812,30.378562376370503,8054418.650793651,9.811834161783487,12.208409024817152,57.62270190973153,6.30843550402243,33.619,30.200001999999998,0.57766,6.800000000000001,529069146112,Healthcare,True,61.17421858025578
JPM,109.60600280761719,54.53485105203566,19272229.365079366,-7.9222919176039035,36.54572981595957,61.64238454303958,9.476877189696161,16.134001,41.854,,2.5,842485727232,Financial Services,True,72.58836425248856
K,48.36506652832031,31.700343055390906,2331768.242063492,-5.539183700655769,-5.498241650008411,45.73500164705757,-2.674555881326815,32.112,15.031,1.45099,0.8,29031499776,Consumer Defensive,True,35.608082333293815
KEY,12.777677536010742,76.16558455488614,10986365.873015873,-15.418499699762183,42.42370287472659,53.289522503983584,9.094004836863814,5.8179997,33.839000000000006,,202.59999999999997,23175358464,Financial Services,True,71.77974029317267
KHC,27.481355667114258,43.28914065987471,7177860.317460317,15.686462331058756,11.558732665907877,58.122682215135605,6.65571163835785,-9.693,17.637,0.50968,-2.3,28745074688,Consumer Defensive,True,52.01288682473309
KMI,10.142118453979492,56.000522824484236,16108969.841269841,-30.844935495567483,-6.533860879281722,28.512396476333038,0.38134252055301576,8.884,25.639,1.02138,12.1,60969558016,Energy,True,35.440125477876215
KO,46.83733367919922,34.74731718669062,17034414.682539683,2.387638891726475,23.241938365610654,60.258642026911616,4.918921116834203,42.442,32.373002,1.4477099999999998,5.1,303150333952,Consumer Defensive,True,63.63613147105001
LEN,70.28262329101562,68.43677062142291,3516667.3492063493,41.18094206461759,30.32131437155694,65.1449775433677,2.825813550652822,8.405999999999999,7.8779995000000005,0.2753,-5.800000000000001,30286045184,Consumer Cyclical,True,69.9248249491415
LIN,244.3026123046875,39.113670073237984,2106488.492063492,26.32937416579268,19.197211979506612,67.4893408689243,5.856322598453147,17.979999,27.939999999999998,0.64673,3.1,206127939584,Basic Materials,True,66.06616560937977
LLY,158.48895263671875,42.743494587247014,3946586.111111111,28.854829138268695,2.939158780935814,65.11233024785417,12.14105944254734,96.47,48.294,1.7851599999999999,53.900000000000006,923565621248,Healthcare,True,54.43410221331361
LOW,146.4444580078125,50.946687222680964,5143131.746031746,35.65018211407233,19.17265672495798,51.43416117112281,0.2871864747718778,,11.92,,3.2,155355529216,Consumer Cyclical,True,61.39626762342663
LRCX,45.87199401855469,63.61085914011824,18946186.507936507,65.31083450705654,50.62537045489732,42.80020062748659,11.214778421044121,62.261003,34.354,0.43991,27.700000000000003,274463670272,Technology,True,79.26660619362838
MA,345.10540771484375,49.0879994542518,4706108.333333333,17.82420788313867,17.86236268698422,64.87432769782427,7.877243541531531,184.86099000000002,59.8,2.39715,16.7,490575560704,Financial Services,True,61.92606494381412
MAR,125.82534790039062,66.9620770830027,4114673.8095238097,-13.530177439466279,48.59904222601315,50.0,10.339242608340268,,65.933996,,5.6000000000000005,88367939584,Consumer Cyclical,True,69.57089849992065
MCD,188.73297119140625,40.17330248022713,3889830.5555555555,7.992562897344323,16.64261603478983,57.229419175164274,-1.4241827604114248,,46.905997,,3.0,220022095872,Consumer Cyclical,True,57.79863900917044
MCHP,61.849647521972656,61.43266922475793,5812878.571428572,28.90774956450391,31.597376577091353,38.43183768069326,6.978380140342024,-2.854,8.347999,0.80841,-2.0,40295714816,Technology,True,51.882791244778446
MCK,168.3343048095703,45.83828859234262,2229836.111111111,26.357075353757093,14.123878062836862,35.208185610287,1.9027791157650062,,1.3739998999999998,,10.100000000000001,104771461120,Healthcare,True,45.65074048729698
MDLZ,51.14350891113281,34.149133216673235,6979584.523809524,9.197354528770244,13.88281734971624,55.95956264988873,2.2291634098364486,13.100999999999999,10.837,0.8362099999999999,5.8999999999999995,74136600576,Consumer Defensive,True,59.74891891188808
MDT,100.30601501464844,41.36309100952013,5563183.73015873,3.3339524159430303,25.457057711557674,66.35217009710937,4.715921626535863,9.822000000000001,20.299,0.59563,6.6000000000000005,126632689664,Healthcare,True,63.1099649269079
MET,39.77574920654297,60.32022253385744,6470909.523809524,-5.749417384055766,33.376483276636144,38.7682745444212,4.69743435892536,12.798001000000001,7.01,1.63999,-5.8999999999999995,51785580544,Financial Services,True,55.327446718780244
MMC,106.82247924804688,36.411334517212076,2124823.9166666665,4.439397720978187,7.466753388558928,46.29473967869437,1.5560559431353544,28.733999999999998,19.240999,1.39501,11.5,89819709440,Financial Services,True,49.72542163955447
MMM,121.08008575439453,37.47139912780082,3998323.8928571427,0.32942641657341903,12.846786870495478,44.797147929394804,2.4397406387473,72.920996,24.367,2.8190399999999998,3.5000000000000004,91255447552,Industrials,True,49.131850538870395
MO,27.59494400024414,36.42643390304714,9867857.53968254,-9.58527911628202,7.641468751925132,37.37061179693118,3.1254194992701043,,62.82600000000001,,-1.7000000000000002,103533363200,Consumer Defensive,True,45.29893163750137
MPC,36.47099685668945,83.7284143882742,8683054.365079366,-28.973170779180933,18.6941800682507,45.30295291386183,11.504068462404737,18.887,4.9689997,1.43175,-0.8,54027481088,Energy,True,61.07249148048609
MRK,65.61144256591797,31.91459220489079,10781255.099206349,-9.660154465406638,3.8552903735938866,33.6468453285749,1.2242764413071503,39.485002,40.802,0.79708,3.6999999999999997,277328887808,Healthcare,True,50.20161827861135
MSFT,212.71075439453125,44.02677402585737,37725931.746031746,39.47727035326634,8.017847624468724,68.54335944681755,3.2257159113242686,32.241002,48.873,0.33154000000000006,18.4,3392496992256,Technology,True,65.77356481599325
MU,70.17210388183594,57.48499956074456,22688590.873015873,29.84289424244837,44.330700283997736,52.65896250683891,14.662131542511311,22.554001,44.974998,0.21244,56.699999999999996,379136540672,Technology,True,77.7963998945787
NEE,66.79894256591797,41.66028856366817,9269095.238095239,29.872358137100157,24.432830706693558,66.32673050843816,1.5511492720406113,8.236,30.768,1.44161,5.3,171377950720,Utilities,True,59.771601537957785
NEM,51.571258544921875,46.26570464273967,7904334.126984127,42.20841932240941,0.11055847506613885,53.59995362250706,-1.2321014609824466,22.875999,46.85,0.16914,20.0,125706584064,Basic Materials,True,63.14799250428398
NFLX,52.45899963378906,46.272168198148066,69400182.53968254,59.05824940308967,10.002307744301932,67.25691989776496,4.90117307843932,42.861,28.219998,0.65822,17.2,373202223104,Communication Services,True,64.10624346527631
NI,19.029876708984375,44.95460275137684,3351848.015873016,-14.290301672205462,-1.7516756984895843,42.69658812487049,-4.208479202747054,9.073,22.872999999999998,1.40579,18.3,20609277952,Utilities,True,32.78910466033044
NKE,131.84352111816406,41.6490994783263,7399666.26984127,39.85249647434979,44.44693255577207,56.089110893683724,6.302230008106477,17.950001,8.094999999999999,0.8009900000000001,0.6,95766003712,Consumer Cyclical,True,66.49578387479832
NOW,109.47599792480469,50.0578720951457,9221531.746031746,87.9480769467543,32.15035143269179,58.54410772463841,4.745121599324154,16.813,16.789,0.21255,21.8,138054909952,Technology,True,76.01388930283497
NUE,48.972862243652344,49.79503624171123,2312452.777777778,-0.16676533648143568,30.00897853880104,33.332717618426756,1.6138983023850184,9.014,10.421,0.31248000000000004,14.499999999999998,40121782272,Basic Materials,True,61.954400113531115
NVDA,13.108885765075684,58.0179483103059,481999825.3968254,119.53973944788699,36.841731678701755,57.39341941866095,-1.0392562647513017,107.35900000000001,63.168997000000005,0.09102,62.5,4541689364480,Technology,True,77.92430759447342
NWSA,17.240747451782227,49.407069485934436,2699856.3492063493,26.934244166141703,50.86071608761258,45.68354589319988,8.621020957615762,7.025000500000001,10.448,0.31439,2.3,15622866944,Communication Services,True,69.85769667662427
O,45.97257995605469,58.370184820757984,2935349.5396825396,-11.816691894087857,2.2403320166687024,53.238195920481544,1.2746733461195858,2.488,44.513999999999996,0.73977,10.299999999999999,55664480256,Real Estate,True,57.9049771636494
OKE,28.48360824584961,93.79614891704742,5374699.206349206,-43.86040480348416,26.401476838070053,36.87499561266081,9.690636395291719,17.846999999999998,18.160999,1.5221799999999999,71.89999999999999,46293360640,Energy,True,68.0716664753194
ORLY,30.1200008392334,42.13004283299562,10151047.61904762,3.263856265635185,5.597761895613484,60.76370444550877,0.13555535285510048,,20.742,,7.8,79307071488,Consumer Cyclical,True,53.85031503816435
OXY,16.876754760742188,109.78943585223064,30633211.111111112,-56.57331500910862,0.8825576293896433,42.55534567681009,23.45471776183188,5.955,17.723,0.6222099999999999,-7.7,42703945728,Energy,True,61.70248765629121
PAYX,80.01575469970703,48.4100792402985,2106462.301587302,11.924895946421998,22.262141493045235,46.12073073366846,1.9094575175389543,40.884998,41.667,1.2981399999999998,18.3,39640776704,Technology,True,58.523275614889734
PCAR,47.52596664428711,36.34477278314125,2795744.0476190476,10.636108603175778,15.209947156723999,46.15455438655563,-1.6725402605373776,14.151,9.9209994,0.82453,-19.0,64093315072,Industrials,True,48.306724330643505
PEG,48.511268615722656,40.558581498894945,2763896.8253968256,1.2991074451263955,16.544047532094215,54.90602282571849,-1.1996581368751762,12.579,27.029999999999998,1.38209,22.1,39602876416,Utilities,True,59.351678572572474
PEP,126.25838470458984,36.658156205982785,5060782.936507937,11.620431936039214,12.477435953586728,57.24505443584024,3.7286062847100703,37.162,16.903000000000002,2.6019,2.7,200268611584,Consumer Defensive,True,56.78893187087056
PFE,28.7880916595459,35.864885632459846,33885358.1984127,2.9785924350712794,14.472815301074121,15.238411909782457,-0.8244228157889246,10.597999399999999,35.276999999999994,0.6653100000000001,-5.8999999999999995,147060834304,Healthcare,True,52.39669867222001
PG,121.56938934326172,32.551538845921336,8016309.126984127,14.393203923572282,15.328586391042057,55.81204242687143,-1.02050040460649,31.902,27.58,0.67125,3.0,338527813632,Consumer Defensive,True,62.943803879437944
PGR,82.9991226196289,37.00924649509554,3023130.9523809524,35.74202920268974,23.229617805463043,74.08334795478858,3.8169785144987896,34.223998,15.079,0.19454999999999997,14.2,119007395840,Financial Services,True,66.17406628100815
PLD,85.90471649169922,46.278852977461305,3469792.4603174604,14.725696462442746,4.617225578341322,60.15586148304672,-0.7711390980736744,5.963,42.720002,0.6278900000000001,8.7,123047010304,Real Estate,True,55.95381494592724
PM,63.97119903564453,39.23178172204361,5419646.825396826,1.9299176223318615,19.16950348320138,36.021956358419054,6.0638217130944945,,40.747002,,9.4,268815941632,Consumer Defensive,True,50.58342900657102
PNC,122.62808227539062,57.794157053825316,2646992.0634920634,-4.595279667564299,46.94369140587681,61.65271449364202,11.956102703426582,11.486,39.788000000000004,,10.8,84403453952,Financial Services,True,70.37059769291807
PPL,22.75875473022461,46.98146225378062,5508847.222222222,-17.612318510355646,8.508267336744835,35.76155154425531,-1.7215488068652134,7.6620005,26.619,1.32089,8.4,26412390400,Utilities,True,46.67885787560529
PRU,60.84428405761719,67.66800970942404,2887096.8253968256,-13.118380640618026,34.73278922000098,38.119594269302915,5.81708436353298,8.5,9.917,1.48723,-8.3,41036546048,Financial Services,True,57.63343801826216
PSX,58.07188034057617,70.09044227149768,3803421.0317460317,-33.69760204680716,6.293955754686496,55.77281227223131,17.666489406814808,5.6199998,4.3950000000000005,0.77483,-2.9000000000000004,56654180352,Energy,True,57.839288447034036
PYPL,230.97604370117188,52.486858799345704,8874096.031746032,109.03837007683074,30.64160929343258,71.4878425134676,10.836836927147468,24.358,19.198999,0.60239,7.3,54179508224,Financial Services,True,69.853489829216
QCOM,134.63955688476562,52.91686832748279,9825393.253968254,73.40091663106445,64.80215310021778,38.46437551955798,5.176377654902114,23.34,26.235000000000003,0.7376699999999999,10.0,174204551168,Technology,True,73.70004839859587
RCL,72.4764175415039,113.88495997368533,12539242.063492063,-44.684696278008104,48.95978885144538,29.87859354516489,3.9320765407189353,46.677,33.139,2.03878,5.2,76062375936,Consumer Cyclical,True,81.91630593426264
RF,13.038071632385254,70.69338637252926,10868656.349206349,-2.3755221603648478,53.75892837360626,51.06378407234831,7.203240322566597,11.401,46.976003,,15.6,25509132288,Financial Services,True,73.46641272940703
RTX,63.6257438659668,57.65009257633413,10392361.035714285,-23.836543192152153,17.192901271217583,37.1763812890941,6.531308641783095,10.702,12.399000000000001,0.61315,11.899999999999999,268476186624,Industrials,True,58.713182726807226
SBUX,94.68511962890625,45.65013910136776,9658915.476190476,21.04709823590463,45.092005281995796,68.77959492947886,9.350922035613763,,10.975999999999999,,5.5,106637238272,Consumer Cyclical,True,64.45603338432826
SCHW,49.099456787109375,53.45463670742993,11511975.793650793,10.65957212114949,58.41048090721005,64.4859979056954,11.588410838888022,17.046,49.242002,0.99789,26.6,185905692672,Financial Services,True,73.82911280978318
SLB,19.654388427734375,77.74490511265263,15750776.587301588,-43.64228270478715,23.23722432566298,36.178029549470054,11.89624716777474,15.182,15.479000000000001,0.47459,-2.5,69852577792,Energy,True,71.95366695730183
SO,50.16514205932617,46.11891313994872,4775233.333333333,0.9967585475011878,17.3472463600511,48.730079881658966,0.19493946248928445,11.429,36.558997999999995,1.92679,7.5,97706541056,Utilities,True,50.00743769760813
SRE,53.64370346069336,47.09930999388764,3399715.0793650793,-12.506262274119493,5.8499865225894725,43.63162813150826,-2.3009177988596705,6.77,14.503,0.8128700000000001,13.5,59651825664,Utilities,True,48.643829007568826
STT,61.325687408447266,58.803969324883454,2593341.6666666665,-7.845213840414226,15.720438172677698,48.2068413312013,5.304195726233114,11.1499995,32.749,,9.4,38583984128,Financial Services,True,56.90112790704311
STX,51.48563766479492,43.11156773367642,3004315.873015873,5.600276850916282,31.109313334493212,37.05228360778864,6.242078160057077,,26.892,,21.3,70106865664,Technology,True,56.290501589879625
T,15.19593334197998,35.75812134035501,52669548.02380952,-19.953116525774107,-0.7223105363967726,16.018221996915813,-0.6091084913125768,19.139999,21.58,1.2441200000000001,1.6,169685090304,Communication Services,True,36.5819491216852
TFC,37.46927261352539,66.55840258026072,6349668.253968254,-12.740008739906752,32.739620756682505,47.17604584466009,2.9778303605828302,7.982,39.318,,2.5,64877928448,Financial Services,True,62.569864921935576
TGT,151.3418731689453,37.572861645273846,4857036.111111111,40.71197413758003,47.29839336957252,49.29778392813412,3.8419466418576915,25.094998,4.626,1.3206200000000001,-1.6,50615521280,Consumer Defensive,True,61.43684414269474
TJX,63.4208984375,51.65440522566234,8157745.238095238,11.106041012994911,31.98066723183437,60.422123690923904,10.935680970556959,58.396,12.489,1.40977,7.5,173662961664,Consumer Cyclical,True,70.39705725415897
TMUS,128.76260375976562,40.88752373765646,5396205.158730159,69.58902036584914,25.724008183858967,59.963123018463264,6.335802468725104,19.034000000000002,22.23,2.0062200000000003,8.9,214167240704,Communication Services,True,63.10260897058114
TSLA,231.5933380126953,89.63807916108536,226229315.47619048,707.3955441692112,187.41748278074414,66.85330343317557,31.579947303004847,6.7909999999999995,6.628,0.17082,11.600000000000001,1457540300800,Consumer Cyclical,True,75.01313899866048
TSN,54.657135009765625,49.68131989553149,3057496.8253968256,-27.450875549230986,10.268434548155419,26.497741589950635,1.331436334177322,2.76,-0.49799997,0.5318999999999999,2.1999999999999997,21317574656,Consumer Defensive,True,42.03089059418973
TXN,141.15126037597656,43.25803974537525,5169659.523809524,29.264095783963462,31.147715063262666,49.769881570397864,3.7517251653920245,29.757,36.736000000000004,0.84477,14.2,171895111680,Technology,True,63.84101556419513
UNH,317.990234375,48.200229270325416,4037694.0476190476,19.886348535376865,16.56204138930257,50.80896372827243,2.246644816089144,17.476,3.8129999999999997,0.7573399999999999,12.2,307183452160,Healthcare,True,62.69287158059913
UNP,184.17088317871094,42.024858642189216,3455430.1587301586,15.424573573103748,23.01052025448366,50.18410512968416,3.9717505145290213,41.619,41.030997,1.89829,2.5,136741380096,Industrials,True,62.29017417591887
UPS,135.22608947753906,41.34019980778491,4489636.111111111,47.066983341702695,47.17477652076112,45.43764102082105,-0.7254637023552012,33.617999999999995,10.174999999999999,1.8432,-3.6999999999999997,92164374528,Industrials,True,63.79155856217283
USB,37.24911880493164,58.674900454821945,8184421.031746032,-18.506660421808355,31.296429873541253,56.1736749723046,7.65409744298105,11.72,39.486,,7.199999999999999,84010885120,Financial Services,True,70.58197610915727
V,210.58372497558594,42.826465311285844,9746618.253968254,14.956086452867082,11.93315389940318,65.87135653671135,6.593939928853021,52.068000000000005,65.75,0.6880700000000001,11.5,632871190528,Financial Services,True,64.05161323446987
VLO,47.271209716796875,80.37967047676374,4998653.571428572,-36.52335978290669,4.296197043870617,42.48559128561748,12.346654403847618,5.2389998,5.527,0.39561,-3.2,57315246080,Energy,True,54.50959973197155
VTR,40.79649353027344,84.61098205972101,3557102.380952381,-8.829615211755952,32.426603733247944,46.63994182122123,4.397701114624046,2.1559998,15.584000000000001,1.0011,21.8,36136079360,Real Estate,True,65.27727718763222
WM,108.08051300048828,34.849736433810136,2098631.746031746,4.330860043836208,12.451334532807545,51.23502815249063,0.14126348157914959,29.328,18.872999,2.45399,14.899999999999999,88439382016,Industrials,True,56.34447055723746
WMB,15.586698532104492,64.30050944279341,11631308.333333334,-7.805432786820514,8.47162208494559,24.754720637197067,-1.4795387002039424,16.902,39.554,1.8833799999999998,8.3,73499058176,Energy,True,53.820771100248656
WMT,44.90264892578125,31.62238605457756,27220890.476190478,23.244369045005236,21.887349860130918,30.123269839832872,-1.2833294643803614,23.660999999999998,3.73,0.66747,5.800000000000001,950124675072,Consumer Defensive,True,52.84431259715098
WY,27.507919311523438,69.52079184433822,5055525.793650794,16.57048154635929,52.19956934343236,68.51161922929126,11.889463531057398,3.4189999999999996,2.854,0.58233,2.1,19278772224,Real Estate,True,67.18499004264118
WYNN,110.22351837158203,86.26163088901463,4768915.079365079,-20.36798840114088,46.663230668245184,54.226429691905956,17.02206899715518,,16.931999,,8.3,12197486592,Consumer Cyclical,True,74.20279141336351
XEL,56.017616271972656,39.10803927888616,3079291.26984127,8.00852171489031,3.743882351819125,53.71864336703052,-4.4391736617773585,9.449000999999999,26.615998,1.67891,7.3999999999999995,44575481856,Utilities,True,47.88348236766033
XOM,34.00010299682617,53.01311802355735,28835327.38095238,-36.63991297705127,-1.4425145479425547,43.006948308998204,9.19799825414502,11.424,11.057,0.15672,-5.1,549553864704,Energy,True,43.72314832565377
YUM,99.76651000976562,44.28229012536264,2157134.126984127,9.246534028460282,27.703814093752943,62.542667542228095,5.875739881103175,,34.410998,,8.4,44629917696,Consumer Cyclical,True,63.20927526758821
ZTS,157.05072021484375,39.17182375937833,2027111.507936508,23.16318007653666,19.647022732231722,64.65001200572917,1.188234108094919,49.868,39.333,1.3505,0.5,55485464576,Healthcare,True,63.26004679514349
